"id","species","type","age","dbh","height","crown_r","crown_l","crown_a","ba"
1,"BEAL","adult",NA,13.3647058823529,NA,NA,NA,NA,NA
2,"ACRU","adult",NA,15.0764705882353,NA,NA,NA,NA,NA
3,"ACRU","adult",NA,32.4,NA,NA,NA,NA,NA
4,"TSCA","adult",NA,17.6823529411765,NA,NA,NA,NA,NA
5,"PIST","adult",NA,30.4823529411765,NA,NA,NA,NA,NA
6,"TSCA","adult",NA,12.5411764705882,NA,NA,NA,NA,NA
7,"BEAL","adult",NA,15.7588235294118,NA,NA,NA,NA,NA
8,"ACRU","adult",NA,33.1,NA,NA,NA,NA,NA
9,"ACRU","adult",NA,19.5058823529412,NA,NA,NA,NA,NA
10,"ACRU","adult",NA,11.3,NA,NA,NA,NA,NA
11,"TSCA","adult",NA,17.3705882352941,NA,NA,NA,NA,NA
12,"BEAL","adult",NA,23.2647058823529,NA,NA,NA,NA,NA
13,"QURU","adult",NA,56.1352941176471,NA,NA,NA,NA,NA
14,"BEAL","adult",NA,15.6,NA,NA,NA,NA,NA
15,"ACRU","adult",NA,25.0058823529412,NA,NA,NA,NA,NA
16,"BEAL","adult",NA,12.4529411764706,NA,NA,NA,NA,NA
17,"BEAL","adult",NA,19.1235294117647,NA,NA,NA,NA,NA
18,"ACRU","adult",NA,18.4352941176471,NA,NA,NA,NA,NA
19,"PIST","adult",NA,21.8,NA,NA,NA,NA,NA
20,"ACRU","adult",NA,16.2,NA,NA,NA,NA,NA
21,"TSCA","adult",NA,22.4058823529412,NA,NA,NA,NA,NA
22,"QURU","adult",NA,55.9705882352941,NA,NA,NA,NA,NA
23,"ACRU","adult",NA,22.1,NA,NA,NA,NA,NA
24,"ACRU","adult",NA,9.9,NA,NA,NA,NA,NA
25,"ACRU","adult",NA,18.5764705882353,NA,NA,NA,NA,NA
26,"ACRU","adult",NA,26.1,NA,NA,NA,NA,NA
27,"QURU","adult",NA,47.7764705882353,NA,NA,NA,NA,NA
28,"ACRU","adult",NA,14.1,NA,NA,NA,NA,NA
29,"QUVE","adult",NA,40.0294117647059,NA,NA,NA,NA,NA
30,"ACRU","adult",NA,10.6705882352941,NA,NA,NA,NA,NA
31,"ACRU","adult",NA,15.1,NA,NA,NA,NA,NA
32,"ACRU","adult",NA,15.6294117647059,NA,NA,NA,NA,NA
33,"QURU","adult",NA,35,NA,NA,NA,NA,NA
34,"ACRU","adult",NA,22.5647058823529,NA,NA,NA,NA,NA
35,"QUVE","adult",NA,39.3941176470588,NA,NA,NA,NA,NA
36,"QURU","adult",NA,41.1764705882353,NA,NA,NA,NA,NA
37,"QUVE","adult",NA,30.9823529411765,NA,NA,NA,NA,NA
38,"QURU","adult",NA,40.2705882352941,NA,NA,NA,NA,NA
39,"ACRU","adult",NA,21.9,NA,NA,NA,NA,NA
40,"QURU","adult",NA,30.1176470588235,NA,NA,NA,NA,NA
41,"QURU","adult",NA,32.6058823529412,NA,NA,NA,NA,NA
42,"PIGL","adult",NA,15.2,NA,NA,NA,NA,NA
43,"ACRU","adult",NA,14.5647058823529,NA,NA,NA,NA,NA
44,"ACRU","adult",NA,21.7705882352941,NA,NA,NA,NA,NA
45,"ACRU","adult",NA,12.7294117647059,NA,NA,NA,NA,NA
46,"ACRU","adult",NA,13.7352941176471,NA,NA,NA,NA,NA
47,"QURU","adult",NA,19.8,NA,NA,NA,NA,NA
48,"PIGL","adult",NA,13.9,NA,NA,NA,NA,NA
49,"QURU","adult",NA,30.6705882352941,NA,NA,NA,NA,NA
50,"QURU","adult",NA,24.8705882352941,NA,NA,NA,NA,NA
51,"QURU","adult",NA,21.3941176470588,NA,NA,NA,NA,NA
52,"QURU","adult",NA,24.4823529411765,NA,NA,NA,NA,NA
53,"FAGR","adult",NA,13.3352941176471,NA,NA,NA,NA,NA
54,"ACRU","adult",NA,11.5176470588235,NA,NA,NA,NA,NA
55,"PIGL","adult",NA,17.1,NA,NA,NA,NA,NA
56,"QURU","adult",NA,33.5235294117647,NA,NA,NA,NA,NA
57,"ACRU","adult",NA,16.5,NA,NA,NA,NA,NA
58,"BELE","adult",NA,20.6764705882353,NA,NA,NA,NA,NA
59,"ACRU","adult",NA,11.2,NA,NA,NA,NA,NA
60,"PIGL","adult",NA,18,NA,NA,NA,NA,NA
61,"QURU","adult",NA,55.0647058823529,NA,NA,NA,NA,NA
62,"PRSE","adult",NA,12.8,NA,NA,NA,NA,NA
63,"QURU","adult",NA,38.7882352941176,NA,NA,NA,NA,NA
64,"ACRU","adult",NA,20.6,NA,NA,NA,NA,NA
65,"QURU","adult",NA,45.7,NA,NA,NA,NA,NA
66,"QUVE","adult",NA,27.9,NA,NA,NA,NA,NA
67,"PIST","adult",NA,26.4823529411765,NA,NA,NA,NA,NA
68,"BEAL","adult",NA,13.9,NA,NA,NA,NA,NA
69,"PIST","adult",NA,27.8411764705882,NA,NA,NA,NA,NA
70,"BEAL","adult",NA,14.7,NA,NA,NA,NA,NA
71,"ACRU","adult",NA,24.2705882352941,NA,NA,NA,NA,NA
72,"ACRU","adult",NA,12.0705882352941,NA,NA,NA,NA,NA
73,"PIGL","adult",NA,14.1,NA,NA,NA,NA,NA
74,"ACRU","adult",NA,15,NA,NA,NA,NA,NA
75,"ACRU","adult",NA,13.2,NA,NA,NA,NA,NA
76,"ACRU","adult",NA,14.6,NA,NA,NA,NA,NA
77,"QURU","adult",NA,42.1,NA,NA,NA,NA,NA
78,"ACRU","adult",NA,18.4117647058824,NA,NA,NA,NA,NA
79,"PIST","adult",NA,65.5470588235294,NA,NA,NA,NA,NA
80,"PIST","adult",NA,38.2058823529412,NA,NA,NA,NA,NA
81,"PIST","adult",NA,21.1,NA,NA,NA,NA,NA
82,"PRSE","adult",NA,12.8941176470588,NA,NA,NA,NA,NA
83,"QURU","adult",NA,24.7941176470588,NA,NA,NA,NA,NA
84,"ACRU","adult",NA,10.3,NA,NA,NA,NA,NA
85,"QURU","adult",NA,21.5941176470588,NA,NA,NA,NA,NA
86,"TSCA","adult",NA,20.4705882352941,NA,NA,NA,NA,NA
87,"QURU","adult",NA,18.9411764705882,NA,NA,NA,NA,NA
88,"PIGL","adult",NA,25.9941176470588,NA,NA,NA,NA,NA
89,"QURU","adult",NA,14.2,NA,NA,NA,NA,NA
90,"ACRU","adult",NA,17.3705882352941,NA,NA,NA,NA,NA
91,"PRSE","adult",NA,13.3,NA,NA,NA,NA,NA
92,"PRSE","adult",NA,24.7882352941176,NA,NA,NA,NA,NA
93,"TSCA","adult",NA,19.9705882352941,NA,NA,NA,NA,NA
94,"TSCA","adult",NA,23.8647058823529,NA,NA,NA,NA,NA
95,"QURU","adult",NA,12.4,NA,NA,NA,NA,NA
96,"ACRU","adult",NA,19.2882352941176,NA,NA,NA,NA,NA
97,"QURU","adult",NA,34.3647058823529,NA,NA,NA,NA,NA
98,"QURU","adult",NA,25.0764705882353,NA,NA,NA,NA,NA
99,"ACRU","adult",NA,15.9117647058824,NA,NA,NA,NA,NA
100,"QURU","adult",NA,21.6,NA,NA,NA,NA,NA
101,"ACRU","adult",NA,10.0058823529412,NA,NA,NA,NA,NA
102,"PIST","adult",NA,38.6529411764706,NA,NA,NA,NA,NA
103,"ACRU","adult",NA,15,NA,NA,NA,NA,NA
104,"QURU","adult",NA,23.7,NA,NA,NA,NA,NA
105,"QURU","adult",NA,17.1,NA,NA,NA,NA,NA
106,"ACRU","adult",NA,16.8,NA,NA,NA,NA,NA
107,"ACRU","adult",NA,11,NA,NA,NA,NA,NA
108,"PRSE","adult",NA,22.3,NA,NA,NA,NA,NA
109,"QURU","adult",NA,30.9941176470588,NA,NA,NA,NA,NA
110,"ACRU","adult",NA,15.1705882352941,NA,NA,NA,NA,NA
111,"PIRE","adult",NA,39.7352941176471,NA,NA,NA,NA,NA
112,"QURU","adult",NA,48.0764705882353,NA,NA,NA,NA,NA
113,"ACRU","adult",NA,11.9705882352941,NA,NA,NA,NA,NA
114,"ACRU","adult",NA,26.1,NA,NA,NA,NA,NA
115,"QURU","adult",NA,47.7941176470588,NA,NA,NA,NA,NA
116,"PRSE","adult",NA,18.3,NA,NA,NA,NA,NA
117,"ACRU","adult",NA,33.6823529411765,NA,NA,NA,NA,NA
118,"PIRE","adult",NA,18.1,NA,NA,NA,NA,NA
119,"ACRU","adult",NA,19,NA,NA,NA,NA,NA
120,"PIRE","adult",NA,42.9705882352941,NA,NA,NA,NA,NA
121,"ACRU","adult",NA,14.8,NA,NA,NA,NA,NA
122,"PIRE","adult",NA,36.1764705882353,NA,NA,NA,NA,NA
123,"ACRU","adult",NA,28.2647058823529,NA,NA,NA,NA,NA
124,"ACRU","adult",NA,34.7705882352941,NA,NA,NA,NA,NA
125,"PIRE","adult",NA,32.8,NA,NA,NA,NA,NA
126,"ACRU","adult",NA,18.4,NA,NA,NA,NA,NA
127,"PIRE","adult",NA,32.1764705882353,NA,NA,NA,NA,NA
128,"ACRU","adult",NA,31.5,NA,NA,NA,NA,NA
129,"PIRE","adult",NA,38.2,NA,NA,NA,NA,NA
130,"ACRU","adult",NA,13.1,NA,NA,NA,NA,NA
131,"PIST","adult",NA,17.8882352941176,NA,NA,NA,NA,NA
132,"QURU","adult",NA,42.4176470588235,NA,NA,NA,NA,NA
133,"ACRU","adult",NA,14.2,NA,NA,NA,NA,NA
134,"PRSE","adult",NA,14.2,NA,NA,NA,NA,NA
135,"PIRE","adult",NA,33.6882352941176,NA,NA,NA,NA,NA
136,"PIRE","adult",NA,25.9294117647059,NA,NA,NA,NA,NA
137,"PIRE","adult",NA,33.3,NA,NA,NA,NA,NA
138,"PIRE","adult",NA,22.8941176470588,NA,NA,NA,NA,NA
139,"PIRE","adult",NA,28.6411764705882,NA,NA,NA,NA,NA
140,"PIRE","adult",NA,44.7882352941176,NA,NA,NA,NA,NA
141,"QURU","adult",NA,26.0176470588235,NA,NA,NA,NA,NA
142,"ACRU","adult",NA,14.0529411764706,NA,NA,NA,NA,NA
143,"QURU","adult",NA,61.9176470588235,NA,NA,NA,NA,NA
144,"ACRU","adult",NA,24.3235294117647,NA,NA,NA,NA,NA
145,"BEAL","adult",NA,30.1058823529412,NA,NA,NA,NA,NA
146,"ACRU","adult",NA,9.5,NA,NA,NA,NA,NA
147,"ACRU","adult",NA,13.8,NA,NA,NA,NA,NA
148,"ACRU","adult",NA,28.3352941176471,NA,NA,NA,NA,NA
149,"PRSE","adult",NA,35.7294117647059,NA,NA,NA,NA,NA
150,"BELE","adult",NA,11.9764705882353,NA,NA,NA,NA,NA
151,"BEAL","adult",NA,14.8705882352941,NA,NA,NA,NA,NA
152,"ACRU","adult",NA,20.2058823529412,NA,NA,NA,NA,NA
153,"QURU","adult",NA,34.1058823529412,NA,NA,NA,NA,NA
154,"QURU","adult",NA,20.7,NA,NA,NA,NA,NA
155,"TSCA","adult",NA,38.2764705882353,NA,NA,NA,NA,NA
156,"FRAM","adult",NA,15.4,NA,NA,NA,NA,NA
157,"QURU","adult",NA,22.2941176470588,NA,NA,NA,NA,NA
158,"ACRU","adult",NA,27.7,NA,NA,NA,NA,NA
159,"TSCA","adult",NA,41.0294117647059,NA,NA,NA,NA,NA
160,"BEAL","adult",NA,12.6,NA,NA,NA,NA,NA
161,"PRSE","adult",NA,48.8117647058824,NA,NA,NA,NA,NA
162,"TSCA","adult",NA,32.8294117647059,NA,NA,NA,NA,NA
163,"ACRU","adult",NA,20.0058823529412,NA,NA,NA,NA,NA
164,"TSCA","adult",NA,12.2,NA,NA,NA,NA,NA
165,"QURU","adult",NA,21.2,NA,NA,NA,NA,NA
166,"TSCA","adult",NA,28.7941176470588,NA,NA,NA,NA,NA
167,"QURU","adult",NA,30.5647058823529,NA,NA,NA,NA,NA
168,"TSCA","adult",NA,43.1823529411765,NA,NA,NA,NA,NA
169,"ACRU","adult",NA,16.8,NA,NA,NA,NA,NA
170,"QURU","adult",NA,27.0823529411765,NA,NA,NA,NA,NA
171,"ACRU","adult",NA,13,NA,NA,NA,NA,NA
172,"ACRU","adult",NA,38,NA,NA,NA,NA,NA
173,"ACRU","adult",NA,13.6117647058824,NA,NA,NA,NA,NA
174,"TSCA","adult",NA,37.5823529411765,NA,NA,NA,NA,NA
175,"BEAL","adult",NA,15.5,NA,NA,NA,NA,NA
176,"TSCA","adult",NA,37.2,NA,NA,NA,NA,NA
177,"ACRU","adult",NA,18.0764705882353,NA,NA,NA,NA,NA
178,"TSCA","adult",NA,14.9941176470588,NA,NA,NA,NA,NA
179,"ACRU","adult",NA,16.5,NA,NA,NA,NA,NA
180,"TSCA","adult",NA,18.9,NA,NA,NA,NA,NA
181,"ACRU","adult",NA,11.6,NA,NA,NA,NA,NA
182,"TSCA","adult",NA,26.8941176470588,NA,NA,NA,NA,NA
183,"TSCA","adult",NA,36.9705882352941,NA,NA,NA,NA,NA
184,"ACRU","adult",NA,12.8235294117647,NA,NA,NA,NA,NA
185,"ACRU","adult",NA,15.6,NA,NA,NA,NA,NA
186,"TSCA","adult",NA,26.1,NA,NA,NA,NA,NA
187,"ACRU","adult",NA,16.6,NA,NA,NA,NA,NA
188,"ACRU","adult",NA,24.2,NA,NA,NA,NA,NA
189,"TSCA","adult",NA,18.3,NA,NA,NA,NA,NA
190,"ACRU","adult",NA,17.4,NA,NA,NA,NA,NA
191,"TSCA","adult",NA,14.6,NA,NA,NA,NA,NA
192,"QURU","adult",NA,42.0294117647059,NA,NA,NA,NA,NA
193,"TSCA","adult",NA,11.7,NA,NA,NA,NA,NA
194,"TSCA","adult",NA,42.6117647058824,NA,NA,NA,NA,NA
195,"ACRU","adult",NA,21.4,NA,NA,NA,NA,NA
196,"TSCA","adult",NA,31.2,NA,NA,NA,NA,NA
197,"QURU","adult",NA,22.2,NA,NA,NA,NA,NA
198,"TSCA","adult",NA,23.5,NA,NA,NA,NA,NA
199,"ACRU","adult",NA,21.6,NA,NA,NA,NA,NA
200,"QUVE","adult",NA,43.3647058823529,NA,NA,NA,NA,NA
201,"ACRU","adult",NA,15.5,NA,NA,NA,NA,NA
202,"BELE","adult",NA,16.5,NA,NA,NA,NA,NA
203,"QURU","adult",NA,21.5647058823529,NA,NA,NA,NA,NA
204,"QURU","adult",NA,33.7294117647059,NA,NA,NA,NA,NA
205,"QUVE","adult",NA,18.5,NA,NA,NA,NA,NA
206,"ACRU","adult",NA,14.8058823529412,NA,NA,NA,NA,NA
207,"ACRU","adult",NA,15.4,NA,NA,NA,NA,NA
208,"ACRU","adult",NA,12,NA,NA,NA,NA,NA
209,"BEAL","adult",NA,14.1705882352941,NA,NA,NA,NA,NA
210,"ACRU","adult",NA,13,NA,NA,NA,NA,NA
211,"BEAL","adult",NA,18.0470588235294,NA,NA,NA,NA,NA
212,"ACRU","adult",NA,18.7705882352941,NA,NA,NA,NA,NA
213,"ACRU","adult",NA,17.8,NA,NA,NA,NA,NA
214,"ACRU","adult",NA,14.2705882352941,NA,NA,NA,NA,NA
215,"BELE","adult",NA,17.1294117647059,NA,NA,NA,NA,NA
216,"ACRU","adult",NA,12.1,NA,NA,NA,NA,NA
217,"QURU","adult",NA,33,NA,NA,NA,NA,NA
218,"ACRU","adult",NA,11.5,NA,NA,NA,NA,NA
219,"BELE","adult",NA,20,NA,NA,NA,NA,NA
220,"ACRU","adult",NA,12.8,NA,NA,NA,NA,NA
221,"TSCA","adult",NA,23.5941176470588,NA,NA,NA,NA,NA
222,"ACRU","adult",NA,11.1,NA,NA,NA,NA,NA
223,"ACRU","adult",NA,13.5941176470588,NA,NA,NA,NA,NA
224,"ACRU","adult",NA,15.3,NA,NA,NA,NA,NA
225,"ACRU","adult",NA,22.4058823529412,NA,NA,NA,NA,NA
226,"QURU","adult",NA,23.0705882352941,NA,NA,NA,NA,NA
227,"BEAL","adult",NA,37.5,NA,NA,NA,NA,NA
228,"BEPO","adult",NA,16.6823529411765,NA,NA,NA,NA,NA
229,"ACRU","adult",NA,21,NA,NA,NA,NA,NA
230,"ACRU","adult",NA,15.4705882352941,NA,NA,NA,NA,NA
231,"BEPO","adult",NA,21.7882352941176,NA,NA,NA,NA,NA
232,"TSCA","adult",NA,15.3941176470588,NA,NA,NA,NA,NA
233,"BEPO","adult",NA,20,NA,NA,NA,NA,NA
234,"PIST","adult",NA,39.5705882352941,NA,NA,NA,NA,NA
235,"ACRU","adult",NA,14.3,NA,NA,NA,NA,NA
236,"BEPO","adult",NA,20.1,NA,NA,NA,NA,NA
237,"TSCA","adult",NA,11.7823529411765,NA,NA,NA,NA,NA
238,"BEPO","adult",NA,22,NA,NA,NA,NA,NA
239,"QURU","adult",NA,37.7,NA,NA,NA,NA,NA
240,"BEPO","adult",NA,27.5,NA,NA,NA,NA,NA
241,"TSCA","adult",NA,21.0294117647059,NA,NA,NA,NA,NA
242,"ACRU","adult",NA,12.9,NA,NA,NA,NA,NA
243,"ACRU","adult",NA,16.8,NA,NA,NA,NA,NA
244,"ACRU","adult",NA,10.4411764705882,NA,NA,NA,NA,NA
245,"BELE","adult",NA,26.8588235294118,NA,NA,NA,NA,NA
246,"ACRU","adult",NA,21.1823529411765,NA,NA,NA,NA,NA
247,"TSCA","adult",NA,13.5,NA,NA,NA,NA,NA
248,"ACRU","adult",NA,13.8705882352941,NA,NA,NA,NA,NA
249,"TSCA","adult",NA,17.9529411764706,NA,NA,NA,NA,NA
250,"BEPO","adult",NA,24.2,NA,NA,NA,NA,NA
251,"ACRU","adult",NA,15.5,NA,NA,NA,NA,NA
252,"QURU","adult",NA,10.1,NA,NA,NA,NA,NA
253,"ACRU","adult",NA,16.3,NA,NA,NA,NA,NA
254,"ACRU","adult",NA,11.1,NA,NA,NA,NA,NA
255,"TSCA","adult",NA,16.2529411764706,NA,NA,NA,NA,NA
256,"QURU","adult",NA,22.8764705882353,NA,NA,NA,NA,NA
257,"ACRU","adult",NA,22.8,NA,NA,NA,NA,NA
258,"ACRU","adult",NA,14.9,NA,NA,NA,NA,NA
259,"TSCA","adult",NA,14.1,NA,NA,NA,NA,NA
260,"ACRU","adult",NA,12.8,NA,NA,NA,NA,NA
261,"QURU","adult",NA,36.9705882352941,NA,NA,NA,NA,NA
262,"QURU","adult",NA,22.4,NA,NA,NA,NA,NA
263,"ACRU","adult",NA,14.9,NA,NA,NA,NA,NA
264,"ACRU","adult",NA,21,NA,NA,NA,NA,NA
265,"ACRU","adult",NA,12.6,NA,NA,NA,NA,NA
266,"ACRU","adult",NA,11.0941176470588,NA,NA,NA,NA,NA
267,"PIST","adult",NA,25.4176470588235,NA,NA,NA,NA,NA
268,"TSCA","adult",NA,24.3647058823529,NA,NA,NA,NA,NA
269,"ACRU","adult",NA,15.2,NA,NA,NA,NA,NA
270,"TSCA","adult",NA,18.5882352941176,NA,NA,NA,NA,NA
271,"TSCA","adult",NA,11.3,NA,NA,NA,NA,NA
272,"QURU","adult",NA,45.5941176470588,NA,NA,NA,NA,NA
273,"ACRU","adult",NA,11.2,NA,NA,NA,NA,NA
274,"TSCA","adult",NA,19.4058823529412,NA,NA,NA,NA,NA
275,"ACRU","adult",NA,24.7705882352941,NA,NA,NA,NA,NA
276,"QURU","adult",NA,40.5117647058824,NA,NA,NA,NA,NA
277,"QURU","adult",NA,36.8941176470588,NA,NA,NA,NA,NA
278,"PIST","adult",NA,18.2,NA,NA,NA,NA,NA
279,"FAGR","adult",NA,22.6764705882353,NA,NA,NA,NA,NA
280,"QURU","adult",NA,47.9647058823529,NA,NA,NA,NA,NA
281,"ACRU","adult",NA,30.1,NA,NA,NA,NA,NA
282,"PIST","adult",NA,34.8,NA,NA,NA,NA,NA
283,"ACRU","adult",NA,13.4,NA,NA,NA,NA,NA
284,"QURU","adult",NA,33.9705882352941,NA,NA,NA,NA,NA
285,"PIST","adult",NA,20.2058823529412,NA,NA,NA,NA,NA
286,"ACRU","adult",NA,17.5117647058824,NA,NA,NA,NA,NA
287,"ACRU","adult",NA,12.4,NA,NA,NA,NA,NA
288,"PIST","adult",NA,43.1235294117647,NA,NA,NA,NA,NA
289,"TSCA","adult",NA,47.0058823529412,NA,NA,NA,NA,NA
290,"PIST","adult",NA,20.2,NA,NA,NA,NA,NA
291,"PIST","adult",NA,15.5,NA,NA,NA,NA,NA
292,"ACRU","adult",NA,22.2823529411765,NA,NA,NA,NA,NA
293,"ACRU","adult",NA,20.5176470588235,NA,NA,NA,NA,NA
294,"TSCA","adult",NA,43.9882352941176,NA,NA,NA,NA,NA
295,"PIST","adult",NA,28.1058823529412,NA,NA,NA,NA,NA
296,"ACRU","adult",NA,24.3705882352941,NA,NA,NA,NA,NA
297,"ACRU","adult",NA,15.6882352941176,NA,NA,NA,NA,NA
298,"ACRU","adult",NA,15.4,NA,NA,NA,NA,NA
299,"QURU","adult",NA,14.8882352941176,NA,NA,NA,NA,NA
300,"ACRU","adult",NA,14.4352941176471,NA,NA,NA,NA,NA
301,"TSCA","adult",NA,32.2,NA,NA,NA,NA,NA
302,"ACRU","adult",NA,13.6,NA,NA,NA,NA,NA
303,"ACRU","adult",NA,18.9,NA,NA,NA,NA,NA
304,"TSCA","adult",NA,23.3,NA,NA,NA,NA,NA
305,"TSCA","adult",NA,19,NA,NA,NA,NA,NA
306,"FAGR","adult",NA,23.5117647058824,NA,NA,NA,NA,NA
307,"QURU","adult",NA,32.1882352941176,NA,NA,NA,NA,NA
308,"TSCA","adult",NA,33.6705882352941,NA,NA,NA,NA,NA
309,"QURU","adult",NA,33.1705882352941,NA,NA,NA,NA,NA
310,"TSCA","adult",NA,13.7294117647059,NA,NA,NA,NA,NA
311,"TSCA","adult",NA,32.2411764705882,NA,NA,NA,NA,NA
312,"TSCA","adult",NA,14.5941176470588,NA,NA,NA,NA,NA
313,"TSCA","adult",NA,12.3,NA,NA,NA,NA,NA
314,"TSCA","adult",NA,18.3,NA,NA,NA,NA,NA
315,"TSCA","adult",NA,30.4941176470588,NA,NA,NA,NA,NA
316,"BEAL","adult",NA,43.3705882352941,NA,NA,NA,NA,NA
317,"QURU","adult",NA,26.9,NA,NA,NA,NA,NA
318,"TSCA","adult",NA,43.4,NA,NA,NA,NA,NA
319,"ACRU","adult",NA,14.7,NA,NA,NA,NA,NA
320,"TSCA","adult",NA,24.4,NA,NA,NA,NA,NA
321,"ACRU","adult",NA,23.0705882352941,NA,NA,NA,NA,NA
322,"TSCA","adult",NA,29.5,NA,NA,NA,NA,NA
323,"ACRU","adult",NA,11.6,NA,NA,NA,NA,NA
324,"TSCA","adult",NA,20.2294117647059,NA,NA,NA,NA,NA
325,"TSCA","adult",NA,28.2529411764706,NA,NA,NA,NA,NA
326,"QURU","adult",NA,43.6823529411765,NA,NA,NA,NA,NA
327,"QURU","adult",NA,23.4823529411765,NA,NA,NA,NA,NA
328,"QURU","adult",NA,38.8411764705882,NA,NA,NA,NA,NA
329,"TSCA","adult",NA,35.2823529411765,NA,NA,NA,NA,NA
330,"ACRU","adult",NA,23.7,NA,NA,NA,NA,NA
331,"QURU","adult",NA,60.0411764705882,NA,NA,NA,NA,NA
332,"BEAL","adult",NA,11.7,NA,NA,NA,NA,NA
333,"TSCA","adult",NA,18.5,NA,NA,NA,NA,NA
334,"QURU","adult",NA,35,NA,NA,NA,NA,NA
335,"ACRU","adult",NA,14.0058823529412,NA,NA,NA,NA,NA
336,"PIST","adult",NA,13.9,NA,NA,NA,NA,NA
337,"BEAL","adult",NA,16.4,NA,NA,NA,NA,NA
338,"QURU","adult",NA,56.3647058823529,NA,NA,NA,NA,NA
339,"QURU","adult",NA,40.4,NA,NA,NA,NA,NA
340,"QURU","adult",NA,33.2764705882353,NA,NA,NA,NA,NA
341,"QURU","adult",NA,34,NA,NA,NA,NA,NA
342,"QURU","adult",NA,43.3705882352941,NA,NA,NA,NA,NA
343,"ACRU","adult",NA,18.2058823529412,NA,NA,NA,NA,NA
344,"ACRU","adult",NA,10.5,NA,NA,NA,NA,NA
345,"QURU","adult",NA,51.7058823529412,NA,NA,NA,NA,NA
346,"ACRU","adult",NA,11.1058823529412,NA,NA,NA,NA,NA
347,"ACRU","adult",NA,20.4,NA,NA,NA,NA,NA
348,"ACRU","adult",NA,16.7,NA,NA,NA,NA,NA
349,"ACRU","adult",NA,19.9470588235294,NA,NA,NA,NA,NA
350,"TSCA","adult",NA,29.6882352941176,NA,NA,NA,NA,NA
351,"ACRU","adult",NA,36.1294117647059,NA,NA,NA,NA,NA
352,"ACRU","adult",NA,15,NA,NA,NA,NA,NA
353,"TSCA","adult",NA,26.7823529411765,NA,NA,NA,NA,NA
354,"QURU","adult",NA,38.2647058823529,NA,NA,NA,NA,NA
355,"BEAL","adult",NA,16,NA,NA,NA,NA,NA
356,"BEAL","adult",NA,32.3,NA,NA,NA,NA,NA
357,"FAGR","adult",NA,11.3823529411765,NA,NA,NA,NA,NA
358,"TSCA","adult",NA,38.3823529411765,NA,NA,NA,NA,NA
359,"ACRU","adult",NA,14.8,NA,NA,NA,NA,NA
360,"ACRU","adult",NA,24.4941176470588,NA,NA,NA,NA,NA
361,"QURU","adult",NA,47.2470588235294,NA,NA,NA,NA,NA
362,"ACRU","adult",NA,13.3,NA,NA,NA,NA,NA
363,"QURU","adult",NA,44.8823529411765,NA,NA,NA,NA,NA
364,"TSCA","adult",NA,11.6,NA,NA,NA,NA,NA
365,"QURU","adult",NA,53.9764705882353,NA,NA,NA,NA,NA
366,"TSCA","adult",NA,15.4,NA,NA,NA,NA,NA
367,"BEAL","adult",NA,14.6352941176471,NA,NA,NA,NA,NA
368,"TSCA","adult",NA,20.2,NA,NA,NA,NA,NA
369,"PIST","adult",NA,17.8,NA,NA,NA,NA,NA
370,"QURU","adult",NA,63.7294117647059,NA,NA,NA,NA,NA
371,"FAGR","adult",NA,11.9882352941176,NA,NA,NA,NA,NA
372,"BELE","adult",NA,47.2,NA,NA,NA,NA,NA
373,"TSCA","adult",NA,15.9,NA,NA,NA,NA,NA
374,"TSCA","adult",NA,11.8,NA,NA,NA,NA,NA
375,"ACRU","adult",NA,17,NA,NA,NA,NA,NA
376,"ACRU","adult",NA,18.1,NA,NA,NA,NA,NA
377,"ACRU","adult",NA,28.6823529411765,NA,NA,NA,NA,NA
378,"QURU","adult",NA,26.0823529411765,NA,NA,NA,NA,NA
379,"ACRU","adult",NA,26.3,NA,NA,NA,NA,NA
380,"FAGR","adult",NA,20.0882352941176,NA,NA,NA,NA,NA
381,"ACRU","adult",NA,25.2,NA,NA,NA,NA,NA
382,"TSCA","adult",NA,17.2352941176471,NA,NA,NA,NA,NA
383,"BEAL","adult",NA,17.1,NA,NA,NA,NA,NA
384,"TSCA","adult",NA,36.6529411764706,NA,NA,NA,NA,NA
385,"FRAM","adult",NA,17.6882352941176,NA,NA,NA,NA,NA
386,"ACRU","adult",NA,17.4117647058824,NA,NA,NA,NA,NA
387,"ACRU","adult",NA,16.9,NA,NA,NA,NA,NA
388,"PRSE","adult",NA,23.7705882352941,NA,NA,NA,NA,NA
389,"FRAM","adult",NA,18.1,NA,NA,NA,NA,NA
390,"ACRU","adult",NA,22.7,NA,NA,NA,NA,NA
391,"ACRU","adult",NA,19.7,NA,NA,NA,NA,NA
392,"ACRU","adult",NA,22.2,NA,NA,NA,NA,NA
393,"BEAL","adult",NA,12.9,NA,NA,NA,NA,NA
394,"ACRU","adult",NA,24.1,NA,NA,NA,NA,NA
395,"ACRU","adult",NA,28.5588235294118,NA,NA,NA,NA,NA
396,"ACRU","adult",NA,17.4,NA,NA,NA,NA,NA
397,"FRAM","adult",NA,26.1823529411765,NA,NA,NA,NA,NA
398,"BEAL","adult",NA,13.6,NA,NA,NA,NA,NA
399,"FRAM","adult",NA,39.2705882352941,NA,NA,NA,NA,NA
400,"ACRU","adult",NA,23.9823529411765,NA,NA,NA,NA,NA
401,"BEAL","adult",NA,16.8,NA,NA,NA,NA,NA
402,"FRAM","adult",NA,19.7529411764706,NA,NA,NA,NA,NA
403,"FRAM","adult",NA,20,NA,NA,NA,NA,NA
404,"PIGL","adult",NA,21.2941176470588,NA,NA,NA,NA,NA
405,"PIGL","adult",NA,16.4176470588235,NA,NA,NA,NA,NA
406,"ACRU","adult",NA,17.1117647058824,NA,NA,NA,NA,NA
407,"QURU","adult",NA,22.8,NA,NA,NA,NA,NA
408,"QURU","adult",NA,37.3235294117647,NA,NA,NA,NA,NA
409,"QUVE","adult",NA,34.2647058823529,NA,NA,NA,NA,NA
410,"ACRU","adult",NA,12.7764705882353,NA,NA,NA,NA,NA
411,"ACRU","adult",NA,11.1235294117647,NA,NA,NA,NA,NA
412,"ACRU","adult",NA,15.4,NA,NA,NA,NA,NA
413,"QURU","adult",NA,25.7823529411765,NA,NA,NA,NA,NA
414,"PIGL","adult",NA,18.1,NA,NA,NA,NA,NA
415,"PIGL","adult",NA,17.3,NA,NA,NA,NA,NA
416,"QURU","adult",NA,36.6647058823529,NA,NA,NA,NA,NA
417,"QURU","adult",NA,19.9,NA,NA,NA,NA,NA
418,"QURU","adult",NA,39.7,NA,NA,NA,NA,NA
419,"ACRU","adult",NA,9.7,NA,NA,NA,NA,NA
420,"PIGL","adult",NA,17.9,NA,NA,NA,NA,NA
421,"PIGL","adult",NA,15.8,NA,NA,NA,NA,NA
422,"FAGR","adult",NA,10.7176470588235,NA,NA,NA,NA,NA
423,"FAGR","adult",NA,26.2235294117647,NA,NA,NA,NA,NA
424,"ACRU","adult",NA,22.4823529411765,NA,NA,NA,NA,NA
425,"PIGL","adult",NA,11.4,NA,NA,NA,NA,NA
426,"ACRU","adult",NA,31.1176470588235,NA,NA,NA,NA,NA
427,"ACRU","adult",NA,26.9411764705882,NA,NA,NA,NA,NA
428,"PIGL","adult",NA,17.6,NA,NA,NA,NA,NA
429,"PIGL","adult",NA,17.4,NA,NA,NA,NA,NA
430,"ACRU","adult",NA,23.8352941176471,NA,NA,NA,NA,NA
431,"PIGL","adult",NA,24.3,NA,NA,NA,NA,NA
432,"ACRU","adult",NA,19.8,NA,NA,NA,NA,NA
433,"PIGL","adult",NA,20.7,NA,NA,NA,NA,NA
434,"QUVE","adult",NA,29.7823529411765,NA,NA,NA,NA,NA
435,"ACRU","adult",NA,12.5,NA,NA,NA,NA,NA
436,"BEPO","adult",NA,16.2882352941176,NA,NA,NA,NA,NA
437,"QURU","adult",NA,14.8,NA,NA,NA,NA,NA
438,"ACRU","adult",NA,17.4647058823529,NA,NA,NA,NA,NA
439,"ACRU","adult",NA,12,NA,NA,NA,NA,NA
440,"ACRU","adult",NA,12.3470588235294,NA,NA,NA,NA,NA
441,"ACRU","adult",NA,17.2588235294118,NA,NA,NA,NA,NA
442,"ACRU","adult",NA,14.7823529411765,NA,NA,NA,NA,NA
443,"ACRU","adult",NA,13.3882352941176,NA,NA,NA,NA,NA
444,"QURU","adult",NA,25.5,NA,NA,NA,NA,NA
445,"ACRU","adult",NA,11.1352941176471,NA,NA,NA,NA,NA
446,"QURU","adult",NA,20.4352941176471,NA,NA,NA,NA,NA
447,"BEAL","adult",NA,11.6058823529412,NA,NA,NA,NA,NA
448,"QURU","adult",NA,31.2941176470588,NA,NA,NA,NA,NA
449,"ACRU","adult",NA,19.0647058823529,NA,NA,NA,NA,NA
450,"ACRU","adult",NA,11.7,NA,NA,NA,NA,NA
451,"ACRU","adult",NA,11.1,NA,NA,NA,NA,NA
452,"ACRU","adult",NA,22.1705882352941,NA,NA,NA,NA,NA
453,"QUVE","adult",NA,27.1,NA,NA,NA,NA,NA
454,"QUVE","adult",NA,30.4235294117647,NA,NA,NA,NA,NA
455,"QURU","adult",NA,35.2588235294118,NA,NA,NA,NA,NA
456,"QURU","adult",NA,46.7705882352941,NA,NA,NA,NA,NA
457,"ACRU","adult",NA,10.4,NA,NA,NA,NA,NA
458,"ACRU","adult",NA,10.8647058823529,NA,NA,NA,NA,NA
459,"ACRU","adult",NA,11.2,NA,NA,NA,NA,NA
460,"ACRU","adult",NA,10.7470588235294,NA,NA,NA,NA,NA
461,"QURU","adult",NA,19.8,NA,NA,NA,NA,NA
462,"QURU","adult",NA,30.1647058823529,NA,NA,NA,NA,NA
463,"ACRU","adult",NA,13.8,NA,NA,NA,NA,NA
464,"QURU","adult",NA,45.6176470588235,NA,NA,NA,NA,NA
465,"PIST","adult",NA,18.8,NA,NA,NA,NA,NA
466,"ACRU","adult",NA,11.2823529411765,NA,NA,NA,NA,NA
467,"PIST","adult",NA,19,NA,NA,NA,NA,NA
468,"PIST","adult",NA,21.5823529411765,NA,NA,NA,NA,NA
469,"ACRU","adult",NA,11.5176470588235,NA,NA,NA,NA,NA
470,"ACRU","adult",NA,19.8,NA,NA,NA,NA,NA
471,"ACRU","adult",NA,16.6529411764706,NA,NA,NA,NA,NA
472,"ACRU","adult",NA,27.0705882352941,NA,NA,NA,NA,NA
473,"ACRU","adult",NA,15.7882352941176,NA,NA,NA,NA,NA
474,"ACRU","adult",NA,20.5,NA,NA,NA,NA,NA
475,"ACRU","adult",NA,21,NA,NA,NA,NA,NA
476,"ACRU","adult",NA,13.6117647058824,NA,NA,NA,NA,NA
477,"ACRU","adult",NA,13.5,NA,NA,NA,NA,NA
478,"QURU","adult",NA,39.2941176470588,NA,NA,NA,NA,NA
479,"QURU","adult",NA,34.3705882352941,NA,NA,NA,NA,NA
480,"FRAM","adult",NA,19.7058823529412,NA,NA,NA,NA,NA
481,"ACRU","adult",NA,26.6,NA,NA,NA,NA,NA
482,"ACRU","adult",NA,14.2823529411765,NA,NA,NA,NA,NA
483,"PRSE","adult",NA,27.3117647058824,NA,NA,NA,NA,NA
484,"ACRU","adult",NA,19.6764705882353,NA,NA,NA,NA,NA
485,"ACRU","adult",NA,31.9,NA,NA,NA,NA,NA
486,"ACRU","adult",NA,50.6411764705882,NA,NA,NA,NA,NA
487,"ACRU","adult",NA,13.5,NA,NA,NA,NA,NA
488,"ACRU","adult",NA,31.8647058823529,NA,NA,NA,NA,NA
489,"ACRU","adult",NA,29.7294117647059,NA,NA,NA,NA,NA
490,"ACRU","adult",NA,16.7058823529412,NA,NA,NA,NA,NA
491,"ACRU","adult",NA,21.3647058823529,NA,NA,NA,NA,NA
492,"QURU","adult",NA,58.1,NA,NA,NA,NA,NA
493,"QURU","adult",NA,19.7823529411765,NA,NA,NA,NA,NA
494,"ACRU","adult",NA,26.3764705882353,NA,NA,NA,NA,NA
495,"ACRU","adult",NA,12.9705882352941,NA,NA,NA,NA,NA
496,"FRAM","adult",NA,18.8,NA,NA,NA,NA,NA
497,"ACRU","adult",NA,37.7,NA,NA,NA,NA,NA
498,"PRSE","adult",NA,36.8882352941176,NA,NA,NA,NA,NA
499,"PRSE","adult",NA,25.6,NA,NA,NA,NA,NA
500,"PRSE","adult",NA,33.4,NA,NA,NA,NA,NA
501,"FRAM","adult",NA,38.1,NA,NA,NA,NA,NA
502,"ACRU","adult",NA,12.4764705882353,NA,NA,NA,NA,NA
503,"ACPE","adult",NA,13.5,NA,NA,NA,NA,NA
504,"FRAM","adult",NA,33.1588235294118,NA,NA,NA,NA,NA
505,"ACPE","adult",NA,11.6,NA,NA,NA,NA,NA
506,"FRAM","adult",NA,39.5411764705882,NA,NA,NA,NA,NA
507,"FRAM","adult",NA,37.7647058823529,NA,NA,NA,NA,NA
508,"QUVE","adult",NA,19.7823529411765,NA,NA,NA,NA,NA
509,"ACRU","adult",NA,23.1647058823529,NA,NA,NA,NA,NA
510,"FRAM","adult",NA,37.9588235294118,NA,NA,NA,NA,NA
511,"ACPE","adult",NA,13.3941176470588,NA,NA,NA,NA,NA
512,"PRSE","adult",NA,41.8,NA,NA,NA,NA,NA
513,"ACRU","adult",NA,30.5941176470588,NA,NA,NA,NA,NA
514,"ACRU","adult",NA,17.4,NA,NA,NA,NA,NA
515,"QURU","adult",NA,14.5705882352941,NA,NA,NA,NA,NA
516,"ACPE","adult",NA,10.5,NA,NA,NA,NA,NA
517,"ACPE","adult",NA,11.3,NA,NA,NA,NA,NA
518,"ACRU","adult",NA,26.2705882352941,NA,NA,NA,NA,NA
519,"ACRU","adult",NA,17.8,NA,NA,NA,NA,NA
520,"PRSE","adult",NA,12.2,NA,NA,NA,NA,NA
521,"ACRU","adult",NA,12.5,NA,NA,NA,NA,NA
522,"ACRU","adult",NA,13.9,NA,NA,NA,NA,NA
523,"QUVE","adult",NA,12.3,NA,NA,NA,NA,NA
524,"ACRU","adult",NA,18.1,NA,NA,NA,NA,NA
525,"ACRU","adult",NA,24,NA,NA,NA,NA,NA
526,"ACRU","adult",NA,15.7588235294118,NA,NA,NA,NA,NA
527,"ACRU","adult",NA,10.9176470588235,NA,NA,NA,NA,NA
528,"ACRU","adult",NA,22.2705882352941,NA,NA,NA,NA,NA
529,"QURU","adult",NA,47.0117647058824,NA,NA,NA,NA,NA
530,"TSCA","adult",NA,24.6647058823529,NA,NA,NA,NA,NA
531,"TSCA","adult",NA,14.7823529411765,NA,NA,NA,NA,NA
532,"ACRU","adult",NA,43.4764705882353,NA,NA,NA,NA,NA
533,"BEAL","adult",NA,16.7,NA,NA,NA,NA,NA
534,"BEAL","adult",NA,17.7,NA,NA,NA,NA,NA
535,"BEAL","adult",NA,18.5,NA,NA,NA,NA,NA
536,"ACRU","adult",NA,37.0941176470588,NA,NA,NA,NA,NA
537,"BEAL","adult",NA,29.0705882352941,NA,NA,NA,NA,NA
538,"ACRU","adult",NA,47,NA,NA,NA,NA,NA
539,"ACRU","adult",NA,38.1470588235294,NA,NA,NA,NA,NA
540,"ACRU","adult",NA,16.7,NA,NA,NA,NA,NA
541,"PIRE","adult",NA,38.1823529411765,NA,NA,NA,NA,NA
542,"QURU","adult",NA,35.6352941176471,NA,NA,NA,NA,NA
543,"PIRE","adult",NA,25.0117647058824,NA,NA,NA,NA,NA
544,"QURU","adult",NA,28.8647058823529,NA,NA,NA,NA,NA
545,"PIRE","adult",NA,26.3470588235294,NA,NA,NA,NA,NA
546,"QURU","adult",NA,32.1058823529412,NA,NA,NA,NA,NA
547,"QURU","adult",NA,21.1,NA,NA,NA,NA,NA
548,"ACRU","adult",NA,17.3,NA,NA,NA,NA,NA
549,"ACRU","adult",NA,26.3,NA,NA,NA,NA,NA
550,"PIRE","adult",NA,36.2941176470588,NA,NA,NA,NA,NA
551,"PIRE","adult",NA,19.1058823529412,NA,NA,NA,NA,NA
552,"PIRE","adult",NA,31.5823529411765,NA,NA,NA,NA,NA
553,"PIRE","adult",NA,36.3941176470588,NA,NA,NA,NA,NA
554,"PIRE","adult",NA,31.3235294117647,NA,NA,NA,NA,NA
555,"ACRU","adult",NA,19.4,NA,NA,NA,NA,NA
556,"ACRU","adult",NA,12.3,NA,NA,NA,NA,NA
557,"PRSE","adult",NA,16,NA,NA,NA,NA,NA
558,"PIRE","adult",NA,16.3941176470588,NA,NA,NA,NA,NA
559,"PIRE","adult",NA,17.8,NA,NA,NA,NA,NA
560,"QURU","adult",NA,19.6647058823529,NA,NA,NA,NA,NA
561,"QURU","adult",NA,33.2352941176471,NA,NA,NA,NA,NA
562,"PIRE","adult",NA,32.5,NA,NA,NA,NA,NA
563,"PIRE","adult",NA,34.1882352941176,NA,NA,NA,NA,NA
564,"PIRE","adult",NA,23.1,NA,NA,NA,NA,NA
565,"PIRE","adult",NA,38,NA,NA,NA,NA,NA
566,"PIRE","adult",NA,25.4,NA,NA,NA,NA,NA
567,"ACRU","adult",NA,13.1,NA,NA,NA,NA,NA
568,"PIRE","adult",NA,15.7,NA,NA,NA,NA,NA
569,"QURU","adult",NA,51.3235294117647,NA,NA,NA,NA,NA
570,"QURU","adult",NA,43.9705882352941,NA,NA,NA,NA,NA
571,"QURU","adult",NA,39,NA,NA,NA,NA,NA
572,"ACRU","adult",NA,24.1352941176471,NA,NA,NA,NA,NA
573,"QURU","adult",NA,19.7,NA,NA,NA,NA,NA
574,"ACRU","adult",NA,13.6,NA,NA,NA,NA,NA
575,"QURU","adult",NA,23.0705882352941,NA,NA,NA,NA,NA
576,"QURU","adult",NA,31.6235294117647,NA,NA,NA,NA,NA
577,"QURU","adult",NA,36.9176470588235,NA,NA,NA,NA,NA
578,"QURU","adult",NA,32.0823529411765,NA,NA,NA,NA,NA
579,"QURU","adult",NA,26.1058823529412,NA,NA,NA,NA,NA
580,"QURU","adult",NA,37.2176470588235,NA,NA,NA,NA,NA
581,"ACRU","adult",NA,15.5,NA,NA,NA,NA,NA
582,"ACRU","adult",NA,14.4705882352941,NA,NA,NA,NA,NA
583,"QURU","adult",NA,36.9941176470588,NA,NA,NA,NA,NA
584,"ACRU","adult",NA,12.2,NA,NA,NA,NA,NA
585,"QURU","adult",NA,21.9,NA,NA,NA,NA,NA
586,"QURU","adult",NA,26.0647058823529,NA,NA,NA,NA,NA
587,"ACRU","adult",NA,11.7705882352941,NA,NA,NA,NA,NA
588,"QURU","adult",NA,31.4647058823529,NA,NA,NA,NA,NA
589,"QURU","adult",NA,19.4,NA,NA,NA,NA,NA
590,"ACRU","adult",NA,14.7705882352941,NA,NA,NA,NA,NA
591,"PIST","adult",NA,22.8411764705882,NA,NA,NA,NA,NA
592,"QURU","adult",NA,32.5764705882353,NA,NA,NA,NA,NA
593,"QURU","adult",NA,22.4,NA,NA,NA,NA,NA
594,"PIGL","adult",NA,21.3,NA,NA,NA,NA,NA
595,"PIST","adult",NA,41.7705882352941,NA,NA,NA,NA,NA
596,"PIGL","adult",NA,20.8058823529412,NA,NA,NA,NA,NA
597,"ACRU","adult",NA,22,NA,NA,NA,NA,NA
598,"ACRU","adult",NA,16.1,NA,NA,NA,NA,NA
599,"PIGL","adult",NA,14.3941176470588,NA,NA,NA,NA,NA
600,"ACRU","adult",NA,11.2,NA,NA,NA,NA,NA
601,"QURU","adult",NA,17,NA,NA,NA,NA,NA
602,"QURU","adult",NA,26.0647058823529,NA,NA,NA,NA,NA
603,"QURU","adult",NA,19,NA,NA,NA,NA,NA
604,"ACRU","adult",NA,12.2,NA,NA,NA,NA,NA
605,"BEAL","adult",NA,24.6176470588235,NA,NA,NA,NA,NA
606,"ACRU","adult",NA,24.7470588235294,NA,NA,NA,NA,NA
607,"ACRU","adult",NA,11.2,NA,NA,NA,NA,NA
608,"PIGL","adult",NA,18.9,NA,NA,NA,NA,NA
609,"PIGL","adult",NA,18.5,NA,NA,NA,NA,NA
610,"ACRU","adult",NA,12.4,NA,NA,NA,NA,NA
611,"PIGL","adult",NA,11.2,NA,NA,NA,NA,NA
612,"PIGL","adult",NA,12.1529411764706,NA,NA,NA,NA,NA
613,"QURU","adult",NA,29.2588235294118,NA,NA,NA,NA,NA
614,"PIGL","adult",NA,15.3,NA,NA,NA,NA,NA
615,"ACRU","adult",NA,23.6647058823529,NA,NA,NA,NA,NA
616,"ACRU","adult",NA,15.5,NA,NA,NA,NA,NA
617,"PIST","adult",NA,13.8,NA,NA,NA,NA,NA
618,"PIST","adult",NA,20.1,NA,NA,NA,NA,NA
619,"ACRU","adult",NA,19.0764705882353,NA,NA,NA,NA,NA
620,"ACRU","adult",NA,16,NA,NA,NA,NA,NA
621,"ACRU","adult",NA,13.4058823529412,NA,NA,NA,NA,NA
622,"PIGL","adult",NA,14.2117647058824,NA,NA,NA,NA,NA
623,"BEAL","adult",NA,16.1,NA,NA,NA,NA,NA
624,"ACRU","adult",NA,14,NA,NA,NA,NA,NA
625,"PIGL","adult",NA,19.8,NA,NA,NA,NA,NA
626,"QURU","adult",NA,33.0294117647059,NA,NA,NA,NA,NA
627,"TSCA","adult",NA,14.1,NA,NA,NA,NA,NA
628,"PIGL","adult",NA,18.6,NA,NA,NA,NA,NA
629,"ACRU","adult",NA,9.6,NA,NA,NA,NA,NA
630,"PIGL","adult",NA,21.6235294117647,NA,NA,NA,NA,NA
631,"PIGL","adult",NA,24.5,NA,NA,NA,NA,NA
632,"TSCA","adult",NA,30.7,NA,NA,NA,NA,NA
633,"ACRU","adult",NA,18.6705882352941,NA,NA,NA,NA,NA
634,"TSCA","adult",NA,42.2705882352941,NA,NA,NA,NA,NA
635,"PIST","adult",NA,27.2823529411765,NA,NA,NA,NA,NA
636,"QURU","adult",NA,32.0588235294118,NA,NA,NA,NA,NA
637,"PIST","adult",NA,34.4058823529412,NA,NA,NA,NA,NA
638,"ACRU","adult",NA,20.7,NA,NA,NA,NA,NA
639,"ACRU","adult",NA,15.9,NA,NA,NA,NA,NA
640,"ACRU","adult",NA,12.2941176470588,NA,NA,NA,NA,NA
641,"TSCA","adult",NA,24.4176470588235,NA,NA,NA,NA,NA
642,"QURU","adult",NA,17.8,NA,NA,NA,NA,NA
643,"ACRU","adult",NA,19.7705882352941,NA,NA,NA,NA,NA
644,"ACRU","adult",NA,19.5,NA,NA,NA,NA,NA
645,"TSCA","adult",NA,23.1882352941176,NA,NA,NA,NA,NA
646,"ACRU","adult",NA,20.7705882352941,NA,NA,NA,NA,NA
647,"PIST","adult",NA,25,NA,NA,NA,NA,NA
648,"PIST","adult",NA,18,NA,NA,NA,NA,NA
649,"PIST","adult",NA,49.2823529411765,NA,NA,NA,NA,NA
650,"ACRU","adult",NA,17.1058823529412,NA,NA,NA,NA,NA
651,"PIST","adult",NA,31.4294117647059,NA,NA,NA,NA,NA
652,"TSCA","adult",NA,13.3,NA,NA,NA,NA,NA
653,"QURU","adult",NA,25.4352941176471,NA,NA,NA,NA,NA
654,"ACRU","adult",NA,16.5,NA,NA,NA,NA,NA
655,"TSCA","adult",NA,19.6705882352941,NA,NA,NA,NA,NA
656,"ACRU","adult",NA,13.3941176470588,NA,NA,NA,NA,NA
657,"ACRU","adult",NA,23.4647058823529,NA,NA,NA,NA,NA
658,"ACRU","adult",NA,17.5647058823529,NA,NA,NA,NA,NA
659,"ACRU","adult",NA,19.9823529411765,NA,NA,NA,NA,NA
660,"TSCA","adult",NA,41.2705882352941,NA,NA,NA,NA,NA
661,"TSCA","adult",NA,19.7,NA,NA,NA,NA,NA
662,"PIRE","adult",NA,15.6,NA,NA,NA,NA,NA
663,"PIRE","adult",NA,13.8,NA,NA,NA,NA,NA
664,"PIRE","adult",NA,18.4,NA,NA,NA,NA,NA
665,"PIRE","adult",NA,35.4529411764706,NA,NA,NA,NA,NA
666,"TSCA","adult",NA,55.5058823529412,NA,NA,NA,NA,NA
667,"PRSE","adult",NA,18.6,NA,NA,NA,NA,NA
668,"ACRU","adult",NA,17.7705882352941,NA,NA,NA,NA,NA
669,"ACRU","adult",NA,15.5117647058824,NA,NA,NA,NA,NA
670,"ACRU","adult",NA,11.6,NA,NA,NA,NA,NA
671,"ACRU","adult",NA,29.1882352941176,NA,NA,NA,NA,NA
672,"ACRU","adult",NA,25.3764705882353,NA,NA,NA,NA,NA
673,"PIRE","adult",NA,14.8,NA,NA,NA,NA,NA
674,"ACRU","adult",NA,24.9,NA,NA,NA,NA,NA
675,"ACRU","adult",NA,22.3823529411765,NA,NA,NA,NA,NA
676,"QURU","adult",NA,12.4,NA,NA,NA,NA,NA
677,"PIRE","adult",NA,34.3764705882353,NA,NA,NA,NA,NA
678,"ACRU","adult",NA,16.4,NA,NA,NA,NA,NA
679,"ACRU","adult",NA,19.0058823529412,NA,NA,NA,NA,NA
680,"QUVE","adult",NA,31.2235294117647,NA,NA,NA,NA,NA
681,"ACRU","adult",NA,10.6,NA,NA,NA,NA,NA
682,"PIRE","adult",NA,39.7705882352941,NA,NA,NA,NA,NA
683,"PIRE","adult",NA,30.2352941176471,NA,NA,NA,NA,NA
684,"PIRE","adult",NA,26.8,NA,NA,NA,NA,NA
685,"PIRE","adult",NA,14.3,NA,NA,NA,NA,NA
686,"PIRE","adult",NA,34.7529411764706,NA,NA,NA,NA,NA
687,"ACRU","adult",NA,14.0941176470588,NA,NA,NA,NA,NA
688,"PIRE","adult",NA,15.6,NA,NA,NA,NA,NA
689,"PIRE","adult",NA,38.7705882352941,NA,NA,NA,NA,NA
690,"ACRU","adult",NA,16.2588235294118,NA,NA,NA,NA,NA
691,"ACRU","adult",NA,30.7058823529412,NA,NA,NA,NA,NA
692,"TSCA","adult",NA,31,NA,NA,NA,NA,NA
693,"ACRU","adult",NA,27.2,NA,NA,NA,NA,NA
694,"ACRU","adult",NA,21.5117647058824,NA,NA,NA,NA,NA
695,"BEAL","adult",NA,18.6941176470588,NA,NA,NA,NA,NA
696,"ACRU","adult",NA,39.1235294117647,NA,NA,NA,NA,NA
697,"BEAL","adult",NA,15,NA,NA,NA,NA,NA
698,"ACRU","adult",NA,20,NA,NA,NA,NA,NA
699,"ACRU","adult",NA,23.3,NA,NA,NA,NA,NA
700,"BELE","adult",NA,16.1294117647059,NA,NA,NA,NA,NA
701,"BELE","adult",NA,17.9470588235294,NA,NA,NA,NA,NA
702,"QURU","adult",NA,43.8823529411765,NA,NA,NA,NA,NA
703,"QURU","adult",NA,56.7294117647059,NA,NA,NA,NA,NA
704,"BELE","adult",NA,13.7,NA,NA,NA,NA,NA
705,"BEAL","adult",NA,10.9,NA,NA,NA,NA,NA
706,"QURU","adult",NA,29.7058823529412,NA,NA,NA,NA,NA
